"","baseMean","log2FoldChange","lfcSE","stat","pvalue","padj","Kingdom","Phylum","Class","Order","Family","Genus","newp","Treatment","OTU","comp","Family_Genus"
"Otu0002",55.4481888597395,-1.40698794413127,0.442739305782197,-3.17791514273961,0.00148338158781417,0.0160866653187916,"Bacteria","Proteobacteria","Gammaproteobacteria","Pseudomonadales","Pseudomonadaceae","Pseudomonas","1.6e-02","Control","Otu0002","D0_nasal_InjectedvsControl","Pseudomonadaceae Pseudomonas"
"Otu0003",24.03530265728,-1.43277150811398,0.473282156564302,-3.02730937188696,0.00246741286891332,0.023776887645892,"Bacteria","Proteobacteria","Gammaproteobacteria","Pseudomonadales","Moraxellaceae","Psychrobacter","2.4e-02","Control","Otu0003","D0_nasal_InjectedvsControl","Moraxellaceae Psychrobacter"
"Otu0012",5.05200629180048,-2.67417352223376,0.591172546230024,-4.52350762782757,6.08231264655538e-06,0.000257890056213948,"Bacteria","Proteobacteria","Betaproteobacteria","Burkholderiales","Oxalobacteraceae","Janthinobacterium","0.0e+00","Control","Otu0012","D0_nasal_InjectedvsControl","Oxalobacteraceae Janthinobacterium"
"Otu0015",35.1316596948501,-1.05515509806733,0.284381873087135,-3.71034583397665,0.00020697630836224,0.00438789773727949,"Bacteria","Bacteroidetes","Bacteroidia","Bacteroidales","Prevotellaceae","Prevotella_9","4.0e-03","Control","Otu0015","D0_nasal_InjectedvsControl","Prevotellaceae Prevotella_9"
"Otu0019",17.2321105323072,-1.37808245175767,0.334037779322433,-4.12552871879639,3.69884020034195e-05,0.000980192653090616,"Bacteria","Firmicutes","Negativicutes","Selenomonadales","Veillonellaceae","Veillonella","1.0e-03","Control","Otu0019","D0_nasal_InjectedvsControl","Veillonellaceae Veillonella"
"Otu0020",21.6942745757304,-1.48812582969906,0.481415705402144,-3.09114516414867,0.00199386131326914,0.0201285046863361,"Bacteria","Bacteroidetes","Sphingobacteriia","Sphingobacteriales","Sphingobacteriaceae","Sphingobacterium","2.0e-02","Control","Otu0020","D0_nasal_InjectedvsControl","Sphingobacteriaceae Sphingobacterium"
"Otu0029",108.413752884607,0.926318133499101,0.218542817375623,4.23861165799369,2.24906315862354e-05,0.000794668982713651,"Bacteria","Firmicutes","Clostridia","Clostridiales","Ruminococcaceae","Ruminococcaceae_unclassified","1.0e-03","Injected","Otu0029","D0_nasal_InjectedvsControl","Ruminococcaceae Ruminococcaceae_unclassified"
"Otu0031",6.07906563871216,-1.55915163924293,0.468819961481139,-3.32569380006158,0.00088198761666157,0.0116863359207658,"Bacteria","Firmicutes","Negativicutes","Selenomonadales","Veillonellaceae","Mitsuokella","1.2e-02","Control","Otu0031","D0_nasal_InjectedvsControl","Veillonellaceae Mitsuokella"
"Otu0032",86.6264579577547,-1.16013883221644,0.332103115449059,-3.49330909060501,0.000477073964481966,0.00777997542078283,"Bacteria","Proteobacteria","Gammaproteobacteria","Enterobacteriales","Enterobacteriaceae","Escherichia-Shigella","8.0e-03","Control","Otu0032","D0_nasal_InjectedvsControl","Enterobacteriaceae Escherichia-Shigella"
"Otu0045",10.9492135977839,-0.915630055787255,0.312547345355587,-2.92957233325894,0.00339428803271734,0.0299828776223365,"Bacteria","Firmicutes","Clostridia","Clostridiales","Ruminococcaceae","Ruminococcaceae_UCG-005","3.0e-02","Control","Otu0045","D0_nasal_InjectedvsControl","Ruminococcaceae Ruminococcaceae_UCG-005"
"Otu0048",38.6878230486925,1.1349501883832,0.348027166702111,3.26109653777298,0.00110982248368546,0.0138401392083128,"Bacteria","Firmicutes","Clostridia","Clostridiales","Christensenellaceae","Christensenellaceae_R-7_group","1.4e-02","Injected","Otu0048","D0_nasal_InjectedvsControl","Christensenellaceae Christensenellaceae_R-7_group"
"Otu0050",49.7865103273289,0.917704083634083,0.266074901332086,3.44904415651255,0.000562574698470268,0.00829603973462898,"Bacteria","Bacteroidetes","Bacteroidia","Bacteroidales","Bacteroidales_unclassified","Bacteroidales_unclassified","8.0e-03","Injected","Otu0050","D0_nasal_InjectedvsControl","Bacteroidales_unclassified Bacteroidales_unclassified"
"Otu0064",92.1853530905454,-0.710564272604891,0.223400492788111,-3.18067459805848,0.00146932568844484,0.0160866653187916,"Bacteria","Actinobacteria","Actinobacteria","Micrococcales","Micrococcaceae","Micrococcaceae_unclassified","1.6e-02","Control","Otu0064","D0_nasal_InjectedvsControl","Micrococcaceae Micrococcaceae_unclassified"
"Otu0081",64.3003367015312,-1.49766125502976,0.300324158769742,-4.98681578320182,6.1382541683018e-07,5.05385841170328e-05,"Bacteria","Firmicutes","Clostridia","Clostridiales","Peptostreptococcaceae","Terrisporobacter","0.0e+00","Control","Otu0081","D0_nasal_InjectedvsControl","Peptostreptococcaceae Terrisporobacter"
"Otu0084",59.0539281429677,-0.712146749253159,0.207166438757704,-3.43755848449018,0.000586983943487899,0.00829603973462898,"Bacteria","Firmicutes","Clostridia","Clostridiales","Peptostreptococcaceae","Peptostreptococcaceae_unclassified","8.0e-03","Control","Otu0084","D0_nasal_InjectedvsControl","Peptostreptococcaceae Peptostreptococcaceae_unclassified"
"Otu0095",89.5341455375272,1.05097115906445,0.263836545388683,3.98341767823015,6.79312098395451e-05,0.00160015738733151,"Bacteria","Firmicutes","Clostridia","Clostridiales","Clostridiales_unclassified","Clostridiales_unclassified","2.0e-03","Injected","Otu0095","D0_nasal_InjectedvsControl","Clostridiales_unclassified Clostridiales_unclassified"
"Otu0099",30.0849605433529,-1.0030335233861,0.240646822886297,-4.1680729932596,3.0718557303204e-05,0.00093033344975418,"Bacteria","Firmicutes","Erysipelotrichia","Erysipelotrichales","Erysipelotrichaceae","Turicibacter","1.0e-03","Control","Otu0099","D0_nasal_InjectedvsControl","Erysipelotrichaceae Turicibacter"
"Otu0110",39.8175827937564,1.40302483168225,0.390860392738592,3.58958046849377,0.000331210580083943,0.00585138691481633,"Bacteria","Bacteroidetes","Bacteroidetes_unclassified","Bacteroidetes_unclassified","Bacteroidetes_unclassified","Bacteroidetes_unclassified","6.0e-03","Injected","Otu0110","D0_nasal_InjectedvsControl","Bacteroidetes_unclassified Bacteroidetes_unclassified"
"Otu0121",37.1882223608331,2.15096003058872,0.433906366334821,4.95719859737884,7.15168643165559e-07,5.05385841170328e-05,"Bacteria","Synergistetes","Synergistia","Synergistales","Synergistaceae","Synergistaceae_unclassified","0.0e+00","Injected","Otu0121","D0_nasal_InjectedvsControl","Synergistaceae Synergistaceae_unclassified"
"Otu0155",3.27766822731075,1.55575642587454,0.522441534824895,2.97785746762263,0.00290270936563806,0.0267554080658813,"Bacteria","Actinobacteria","Coriobacteriia","Coriobacteriales","Coriobacteriaceae","Coriobacteriaceae_unclassified","2.7e-02","Injected","Otu0155","D0_nasal_InjectedvsControl","Coriobacteriaceae Coriobacteriaceae_unclassified"
"Otu0182",13.1266843301235,-1.79125069025801,0.564832583332451,-3.17129489890585,0.00151760993573505,0.0160866653187916,"Bacteria","Firmicutes","Bacilli","Bacillales","Bacillales_unclassified","Bacillales_unclassified","1.6e-02","Control","Otu0182","D0_nasal_InjectedvsControl","Bacillales_unclassified Bacillales_unclassified"
"Otu0205",5.26900132958175,1.37057597919562,0.475313616740263,2.88351928268989,0.00393258569627824,0.0333483267044395,"Bacteria","Firmicutes","Clostridia","Clostridiales","Ruminococcaceae","Oscillospira","3.3e-02","Injected","Otu0205","D0_nasal_InjectedvsControl","Ruminococcaceae Oscillospira"
"Otu0242",12.0723884832332,-1.20628418125446,0.423430827654761,-2.84883410103995,0.00438797546430805,0.0341482669355835,"Bacteria","Proteobacteria","Gammaproteobacteria","Pseudomonadales","Moraxellaceae","Enhydrobacter","3.4e-02","Control","Otu0242","D0_nasal_InjectedvsControl","Moraxellaceae Enhydrobacter"
"Otu0320",4.87413326036766,-2.55263660021924,0.892609040021108,-2.85974764512678,0.00423978241738441,0.0341482669355835,"Bacteria","Firmicutes","Bacilli","Lactobacillales","Leuconostocaceae","Weissella","3.4e-02","Control","Otu0320","D0_nasal_InjectedvsControl","Leuconostocaceae Weissella"
"Otu0361",6.62828161544698,3.53393402423816,0.733717294420333,4.81647911411181,1.46113450786645e-06,7.74401289169218e-05,"Bacteria","Bacteroidetes","Bacteroidia","Bacteroidales","Porphyromonadaceae","Odoribacter","0.0e+00","Injected","Otu0361","D0_nasal_InjectedvsControl","Porphyromonadaceae Odoribacter"
"Otu0396",5.58629988814636,-4.77548889211521,0.920202709310628,-5.18960533782038,2.10740261143385e-07,4.46769353623976e-05,"Bacteria","Proteobacteria","Alphaproteobacteria","Rhizobiales","Brucellaceae","Pseudochrobactrum","0.0e+00","Control","Otu0396","D0_nasal_InjectedvsControl","Brucellaceae Pseudochrobactrum"
"Otu0506",5.16083884886374,-1.47117386418706,0.518003424233173,-2.84008521056576,0.00451014846319027,0.0341482669355835,"Bacteria","Proteobacteria","Betaproteobacteria","Burkholderiales","Comamonadaceae","Comamonadaceae_unclassified","3.4e-02","Control","Otu0506","D0_nasal_InjectedvsControl","Comamonadaceae Comamonadaceae_unclassified"
"Otu0599",2.19925859074381,2.8643570943363,0.788362744538004,3.6332983949094,0.000279821098722795,0.00539291572083933,"Bacteria","Proteobacteria","Deltaproteobacteria","Desulfovibrionales","Desulfovibrionaceae","Bilophila","5.0e-03","Injected","Otu0599","D0_nasal_InjectedvsControl","Desulfovibrionaceae Bilophila"
"Otu0001",4419.86722732987,1.13390302498885,0.44766552309844,2.53292462001706,0.0113115275004209,0.0401045065924015,"Bacteria","Proteobacteria","Gammaproteobacteria","Pasteurellales","Pasteurellaceae","Actinobacillus","4.0e-02","Injected","Otu0001","D4_nasal_InjectedvsControl","Pasteurellaceae Actinobacillus"
"Otu0006",1352.33421399203,-1.25080748090987,0.404375819318484,-3.09318070258978,0.00198023517369825,0.0106910158299292,"Bacteria","Firmicutes","Bacilli","Lactobacillales","Streptococcaceae","Streptococcus","1.1e-02","Control","Otu0006","D4_nasal_InjectedvsControl","Streptococcaceae Streptococcus"
"Otu0009",759.46877314869,0.450329309827978,0.116511460055773,3.86510742902381,0.000111040314457243,0.000866114452766495,"Bacteria","Firmicutes","Negativicutes","Selenomonadales","Veillonellaceae","Megasphaera","1.0e-03","Injected","Otu0009","D4_nasal_InjectedvsControl","Veillonellaceae Megasphaera"
"Otu0011",494.565320954237,0.262256168110188,0.0930513352701831,2.81840306051174,0.00482631822219094,0.0209140456294941,"Bacteria","Firmicutes","Negativicutes","Selenomonadales","Acidaminococcaceae","Phascolarctobacterium","2.1e-02","Injected","Otu0011","D4_nasal_InjectedvsControl","Acidaminococcaceae Phascolarctobacterium"
"Otu00151",474.112911879556,0.335890750826835,0.131447568582365,2.55532114020326,0.0106089868383587,0.0392712094724379,"Bacteria","Bacteroidetes","Bacteroidia","Bacteroidales","Prevotellaceae","Prevotella_9","3.9e-02","Injected","Otu0015","D4_nasal_InjectedvsControl","Prevotellaceae Prevotella_9"
"Otu0016",394.628067842245,-6.30985861521879,0.770289255881334,-8.19154436731602,2.57895314619257e-16,2.01158345403021e-14,"Bacteria","Bacteroidetes","Flavobacteriia","Flavobacteriales","Flavobacteriaceae","Flavobacteriaceae_unclassified","0.0e+00","Control","Otu0016","D4_nasal_InjectedvsControl","Flavobacteriaceae Flavobacteriaceae_unclassified"
"Otu0024",89.7192931182797,-4.54962065564428,0.850120694589511,-5.35173497669188,8.7114921574141e-08,1.69874097069575e-06,"Bacteria","Firmicutes","Bacilli","Lactobacillales","Carnobacteriaceae","Carnobacteriaceae_unclassified","0.0e+00","Control","Otu0024","D4_nasal_InjectedvsControl","Carnobacteriaceae Carnobacteriaceae_unclassified"
"Otu0028",32.4348955593806,-1.44428219804876,0.320082664369639,-4.51221624542863,6.41537306026319e-06,7.1485585528647e-05,"Bacteria","Bacteroidetes","Bacteroidia","Bacteroidales","Bacteroidaceae","Bacteroides","0.0e+00","Control","Otu0028","D4_nasal_InjectedvsControl","Bacteroidaceae Bacteroides"
"Otu00291",392.392123450773,-0.264242212731143,0.069322154940329,-3.81180032499851,0.00013795830300117,0.00102483310800869,"Bacteria","Firmicutes","Clostridia","Clostridiales","Ruminococcaceae","Ruminococcaceae_unclassified","1.0e-03","Control","Otu0029","D4_nasal_InjectedvsControl","Ruminococcaceae Ruminococcaceae_unclassified"
"Otu0030",5.79155946501902,2.36269328476561,0.84844343227363,2.78473872846673,0.00535708697376436,0.0219922517870326,"Bacteria","Firmicutes","Bacilli","Lactobacillales","Lactobacillales_unclassified","Lactobacillales_unclassified","2.2e-02","Injected","Otu0030","D4_nasal_InjectedvsControl","Lactobacillales_unclassified Lactobacillales_unclassified"
"Otu00321",56.3818782265394,-2.1682620807283,0.404606517811202,-5.35894006962107,8.37116159188149e-08,1.69874097069575e-06,"Bacteria","Proteobacteria","Gammaproteobacteria","Enterobacteriales","Enterobacteriaceae","Escherichia-Shigella","0.0e+00","Control","Otu0032","D4_nasal_InjectedvsControl","Enterobacteriaceae Escherichia-Shigella"
"Otu0033",39.2456246723516,1.40068346583113,0.297244954021931,4.71221949062181,2.45033246511481e-06,3.47501695052645e-05,"Bacteria","Firmicutes","Clostridia","Clostridiales","Ruminococcaceae","Faecalibacterium","0.0e+00","Injected","Otu0033","D4_nasal_InjectedvsControl","Ruminococcaceae Faecalibacterium"
"Otu0039",84.4272520842719,0.705448950531489,0.18662381019767,3.78005866338431,0.000156791412345158,0.00111179365117475,"Bacteria","Firmicutes","Clostridia","Clostridiales","Lachnospiraceae","Lachnoclostridium","1.0e-03","Injected","Otu0039","D4_nasal_InjectedvsControl","Lachnospiraceae Lachnoclostridium"
"Otu0041",124.602215769401,1.47420695369436,0.326311882697123,4.51778507576659,6.24898649124351e-06,7.1485585528647e-05,"Bacteria","Firmicutes","Clostridia","Clostridiales","Lachnospiraceae","Roseburia","0.0e+00","Injected","Otu0041","D4_nasal_InjectedvsControl","Lachnospiraceae Roseburia"
"Otu00451",154.851319568799,-0.457607752500088,0.184802882799905,-2.47619379939848,0.0132791475655398,0.0450336308744393,"Bacteria","Firmicutes","Clostridia","Clostridiales","Ruminococcaceae","Ruminococcaceae_UCG-005","4.5e-02","Control","Otu0045","D4_nasal_InjectedvsControl","Ruminococcaceae Ruminococcaceae_UCG-005"
"Otu0046",83.338213541056,-0.426587830056118,0.1692498314351,-2.52046236288096,0.011720077136615,0.0406296007402655,"Bacteria","Firmicutes","Clostridia","Clostridiales","Ruminococcaceae","Ruminococcaceae_UCG-002","4.1e-02","Control","Otu0046","D4_nasal_InjectedvsControl","Ruminococcaceae Ruminococcaceae_UCG-002"
"Otu0049",149.49379820141,-0.725524138810652,0.236080178586485,-3.07321073355113,0.00211768884732629,0.0107333239279687,"Bacteria","Bacteria_unclassified","Bacteria_unclassified","Bacteria_unclassified","Bacteria_unclassified","Bacteria_unclassified","1.1e-02","Control","Otu0049","D4_nasal_InjectedvsControl","Bacteria_unclassified Bacteria_unclassified"
"Otu0063",5.64867994267703,2.27754531304557,0.805345837016675,2.8280338810498,0.00468348494919907,0.0208749614878587,"Bacteria","Bacteroidetes","Flavobacteriia","Flavobacteriales","Flavobacteriaceae","Flavobacterium","2.1e-02","Injected","Otu0063","D4_nasal_InjectedvsControl","Flavobacteriaceae Flavobacterium"
"Otu00641",15.3330637643236,1.33964263355106,0.480200591587264,2.78975631646554,0.00527477257961241,0.0219922517870326,"Bacteria","Actinobacteria","Actinobacteria","Micrococcales","Micrococcaceae","Micrococcaceae_unclassified","2.2e-02","Injected","Otu0064","D4_nasal_InjectedvsControl","Micrococcaceae Micrococcaceae_unclassified"
"Otu0066",74.5749605633952,-0.35260419862748,0.138368091834041,-2.54830571090331,0.0108247564571463,0.0392712094724379,"Bacteria","Firmicutes","Clostridia","Clostridiales","Family_XIII","Family_XIII_unclassified","3.9e-02","Control","Otu0066","D4_nasal_InjectedvsControl","Family_XIII Family_XIII_unclassified"
"Otu0067",38.0339524441262,-0.643257318701245,0.192754630487079,-3.33718218377308,0.000846324524335139,0.00507794714601083,"Bacteria","Firmicutes","Clostridia","Clostridiales","Lachnospiraceae","Coprococcus_1","5.0e-03","Control","Otu0067","D4_nasal_InjectedvsControl","Lachnospiraceae Coprococcus_1"
"Otu0069",6.23512739821244,-2.03340033131771,0.499909509371176,-4.06753681056294,4.75127048749914e-05,0.000435998938852862,"Bacteria","Actinobacteria","Actinobacteria","Bifidobacteriales","Bifidobacteriaceae","Bifidobacterium","0.0e+00","Control","Otu0069","D4_nasal_InjectedvsControl","Bifidobacteriaceae Bifidobacterium"
"Otu0078",88.2045497706703,1.10403125454582,0.170740846693003,6.46612264100404,1.00549483137368e-10,5.22857312314312e-09,"Bacteria","Bacteroidetes","Bacteroidia","Bacteroidales","Prevotellaceae","Alloprevotella","0.0e+00","Injected","Otu0078","D4_nasal_InjectedvsControl","Prevotellaceae Alloprevotella"
"Otu00811",27.9046726848291,-2.12482947916371,0.225333728029492,-9.42970010634895,4.11263123823927e-21,6.41570473165326e-19,"Bacteria","Firmicutes","Clostridia","Clostridiales","Peptostreptococcaceae","Terrisporobacter","0.0e+00","Control","Otu0081","D4_nasal_InjectedvsControl","Peptostreptococcaceae Terrisporobacter"
"Otu00841",10.1592252194467,-1.95202687272086,0.324624459764642,-6.01318481711487,1.81913436320353e-09,7.09462401649376e-08,"Bacteria","Firmicutes","Clostridia","Clostridiales","Peptostreptococcaceae","Peptostreptococcaceae_unclassified","0.0e+00","Control","Otu0084","D4_nasal_InjectedvsControl","Peptostreptococcaceae Peptostreptococcaceae_unclassified"
"Otu0085",48.0318078748761,-0.598735813261839,0.150784381744164,-3.97080789360342,7.16293206869854e-05,0.000620787445953873,"Bacteria","Firmicutes","Clostridia","Clostridiales","Ruminococcaceae","Ruminococcaceae_ge","1.0e-03","Control","Otu0085","D4_nasal_InjectedvsControl","Ruminococcaceae Ruminococcaceae_ge"
"Otu0088",60.6535498937006,1.04286301543467,0.422552660628006,2.46800721567992,0.0135867580809243,0.0450964736303019,"Bacteria","Bacteroidetes","Bacteroidia","Bacteroidales","Prevotellaceae","Prevotella_7","4.5e-02","Injected","Otu0088","D4_nasal_InjectedvsControl","Prevotellaceae Prevotella_7"
"Otu0090",33.2494600475943,0.993694090338762,0.256064458801879,3.88064042541569,0.000104181771735765,0.000855387178462074,"Bacteria","Firmicutes","Firmicutes_unclassified","Firmicutes_unclassified","Firmicutes_unclassified","Firmicutes_unclassified","1.0e-03","Injected","Otu0090","D4_nasal_InjectedvsControl","Firmicutes_unclassified Firmicutes_unclassified"
"Otu00991",19.9822910510968,-1.51916785622029,0.328950357755334,-4.6182283144079,3.87030283560789e-06,5.03139368629025e-05,"Bacteria","Firmicutes","Erysipelotrichia","Erysipelotrichales","Erysipelotrichaceae","Turicibacter","0.0e+00","Control","Otu0099","D4_nasal_InjectedvsControl","Erysipelotrichaceae Turicibacter"
"Otu0118",2.32469317503465,2.36597491748812,0.676824034303044,3.49570168548235,0.000472816979552303,0.00295037795240637,"Bacteria","Firmicutes","Clostridia","Clostridiales","Lachnospiraceae","Dorea","3.0e-03","Injected","Otu0118","D4_nasal_InjectedvsControl","Lachnospiraceae Dorea"
"Otu0119",14.3895553590696,-1.76292702319219,0.475576826537501,-3.70692372886923,0.000209792090498276,0.00142293765729265,"Bacteria","Bacteroidetes","Bacteroidia","Bacteroidales","Porphyromonadaceae","Porphyromonadaceae_unclassified","1.0e-03","Control","Otu0119","D4_nasal_InjectedvsControl","Porphyromonadaceae Porphyromonadaceae_unclassified"
"Otu0166",3.56740945655116,2.90170752732411,0.944851116602349,3.07107381928969,0.00213290411389121,0.0107333239279687,"Bacteria","Firmicutes","Bacilli","Lactobacillales","Enterococcaceae","Enterococcus","1.1e-02","Injected","Otu0166","D4_nasal_InjectedvsControl","Enterococcaceae Enterococcus"
"Otu0170",5.57939665264687,-1.69444781139896,0.387561544784473,-4.37207414977474,1.23071709385581e-05,0.000127994577761005,"Bacteria","Proteobacteria","Epsilonproteobacteria","Campylobacterales","Campylobacteraceae","Campylobacter","0.0e+00","Control","Otu0170","D4_nasal_InjectedvsControl","Campylobacteraceae Campylobacter"
"Otu0187",24.9404250202505,-0.718535144167108,0.265066230684283,-2.71077587783314,0.00671259816105498,0.0268503926442199,"Bacteria","Firmicutes","Clostridia","Clostridiales","Clostridiaceae_1","Clostridium_sensu_stricto_1","2.7e-02","Control","Otu0187","D4_nasal_InjectedvsControl","Clostridiaceae_1 Clostridium_sensu_stricto_1"
"Otu0220",9.02937645926662,1.15064219454852,0.441929786607175,2.60367648757586,0.00922297686530513,0.0355880250031246,"Bacteria","Firmicutes","Clostridia","Clostridiales","Lachnospiraceae","Fusicatenibacter","3.6e-02","Injected","Otu0220","D4_nasal_InjectedvsControl","Lachnospiraceae Fusicatenibacter"
"Otu0231",10.5955973997527,0.881689143856763,0.303387393044473,2.90614957664875,0.00365906489898174,0.0173456908055236,"Bacteria","Proteobacteria","Proteobacteria_unclassified","Proteobacteria_unclassified","Proteobacteria_unclassified","Proteobacteria_unclassified","1.7e-02","Injected","Otu0231","D4_nasal_InjectedvsControl","Proteobacteria_unclassified Proteobacteria_unclassified"
"Otu0263",9.39972926416353,-3.30963408612555,0.579178373053847,-5.71436061860316,1.10117260909765e-08,3.43565854038466e-07,"Bacteria","Firmicutes","Erysipelotrichia","Erysipelotrichales","Erysipelotrichaceae","Erysipelotrichaceae_unclassified","0.0e+00","Control","Otu0263","D4_nasal_InjectedvsControl","Erysipelotrichaceae Erysipelotrichaceae_unclassified"
"Otu0311",7.25335132869399,-2.78099232728562,0.536250881330037,-5.18599115471485,2.14869007616152e-07,3.7243961320133e-06,"Bacteria","Spirochaetae","Spirochaetes","Spirochaetales","Spirochaetaceae","Spirochaetaceae_unclassified","0.0e+00","Control","Otu0311","D4_nasal_InjectedvsControl","Spirochaetaceae Spirochaetaceae_unclassified"
"Otu0329",4.19801975606185,-1.86076847965277,0.505726999198883,-3.67939319553908,0.000233789575066768,0.00151963223793399,"Bacteria","Proteobacteria","Deltaproteobacteria","Deltaproteobacteria_unclassified","Deltaproteobacteria_unclassified","Deltaproteobacteria_unclassified","2.0e-03","Control","Otu0329","D4_nasal_InjectedvsControl","Deltaproteobacteria_unclassified Deltaproteobacteria_unclassified"
"Otu0351",1.92453614028092,-4.27640845517214,0.795798136637715,-5.37373519525966,7.71220946096264e-08,1.69874097069575e-06,"Bacteria","Firmicutes","Clostridia","Clostridiales","Eubacteriaceae","Pseudoramibacter","0.0e+00","Control","Otu0351","D4_nasal_InjectedvsControl","Eubacteriaceae Pseudoramibacter"
"Otu0394",1.69822491551413,3.89673856093881,1.49940031689276,2.59886470413326,0.00935326298159043,0.0355880250031246,"Bacteria","Firmicutes","Erysipelotrichia","Erysipelotrichales","Erysipelotrichaceae","Erysipelothrix","3.6e-02","Injected","Otu0394","D4_nasal_InjectedvsControl","Erysipelotrichaceae Erysipelothrix"
"Otu0402",2.14240841794159,-5.09854420725967,1.64889159519932,-3.09210394552551,0.00198743242992274,0.0106910158299292,"Bacteria","Verrucomicrobia","Verrucomicrobiae","Verrucomicrobiales","Verrucomicrobiaceae","Verrucomicrobiaceae_unclassified","1.1e-02","Control","Otu0402","D4_nasal_InjectedvsControl","Verrucomicrobiaceae Verrucomicrobiaceae_unclassified"
"Otu0404",1.88552361898931,-2.73107530343798,0.658412520107657,-4.14796988215142,3.35436513196417e-05,0.000327050600366507,"Bacteria","Firmicutes","Negativicutes","Selenomonadales","Veillonellaceae","Selenomonas_1","0.0e+00","Control","Otu0404","D4_nasal_InjectedvsControl","Veillonellaceae Selenomonas_1"
"Otu0437",1.91213460186778,-3.5635872801826,0.705412222586625,-5.05177988994229,4.37711940346756e-07,6.82830626940939e-06,"Bacteria","Tenericutes","Mollicutes","Mollicutes_RF9","Mollicutes_RF9_fa","Mollicutes_RF9_ge","0.0e+00","Control","Otu0437","D4_nasal_InjectedvsControl","Mollicutes_RF9_fa Mollicutes_RF9_ge"
"Otu0464",3.84639306079318,-1.60654144739584,0.484177045121611,-3.31808676925675,0.000906363238199029,0.00523676537626106,"Bacteria","Firmicutes","Clostridia","Clostridiales","Lachnospiraceae","Lachnospiraceae_FCS020_group","5.0e-03","Control","Otu0464","D4_nasal_InjectedvsControl","Lachnospiraceae Lachnospiraceae_FCS020_group"
"Otu0519",1.67374870305128,1.70750640758603,0.589624574434419,2.89592137373838,0.00378047107299874,0.0173456908055236,"Bacteria","Proteobacteria","Betaproteobacteria","Betaproteobacteria_unclassified","Betaproteobacteria_unclassified","Betaproteobacteria_unclassified","1.7e-02","Injected","Otu0519","D4_nasal_InjectedvsControl","Betaproteobacteria_unclassified Betaproteobacteria_unclassified"
"Otu0601",0.790064354537092,-3.70301246315909,1.27767881841278,-2.89823421175537,0.00375270232946755,0.0173456908055236,"Bacteria","Firmicutes","Bacilli","Lactobacillales","Leuconostocaceae","Leuconostoc","1.7e-02","Control","Otu0601","D4_nasal_InjectedvsControl","Leuconostocaceae Leuconostoc"
"Otu00011",6003.88709397287,2.84033062746942,0.573105565638234,4.95603392772203,7.1946658231693e-07,1.30344281743517e-05,"Bacteria","Proteobacteria","Gammaproteobacteria","Pasteurellales","Pasteurellaceae","Actinobacillus","0.0e+00","Injected","Otu0001","D7_nasal_InjectedvsControl","Pasteurellaceae Actinobacillus"
"Otu00061",609.783088272366,1.9567103804203,0.397179073362635,4.92651932503445,8.37073368995064e-07,1.30344281743517e-05,"Bacteria","Firmicutes","Bacilli","Lactobacillales","Streptococcaceae","Streptococcus","0.0e+00","Injected","Otu0006","D7_nasal_InjectedvsControl","Streptococcaceae Streptococcus"
"Otu0008",1074.41046045871,-1.37370741245789,0.212330980127607,-6.4696513510761,9.82292980573289e-11,3.56899782941628e-09,"Bacteria","Firmicutes","Bacilli","Lactobacillales","Lactobacillaceae","Lactobacillus","0.0e+00","Control","Otu0008","D7_nasal_InjectedvsControl","Lactobacillaceae Lactobacillus"
"Otu00091",536.777691766875,-2.25282316511867,0.341268191538863,-6.60132769760971,4.07491685632753e-11,2.41047338351208e-09,"Bacteria","Firmicutes","Negativicutes","Selenomonadales","Veillonellaceae","Megasphaera","0.0e+00","Control","Otu0009","D7_nasal_InjectedvsControl","Veillonellaceae Megasphaera"
"Otu00161",249.309223452619,-5.46468328442829,0.829343047479828,-6.58917115303991,4.422886942224e-11,2.41047338351208e-09,"Bacteria","Bacteroidetes","Flavobacteriia","Flavobacteriales","Flavobacteriaceae","Flavobacteriaceae_unclassified","0.0e+00","Control","Otu0016","D7_nasal_InjectedvsControl","Flavobacteriaceae Flavobacteriaceae_unclassified"
"Otu00191",34.1541898221776,1.4395339410501,0.4039761401752,3.5634132759073,0.000366063669967518,0.00332507833553829,"Bacteria","Firmicutes","Negativicutes","Selenomonadales","Veillonellaceae","Veillonella","3.0e-03","Injected","Otu0019","D7_nasal_InjectedvsControl","Veillonellaceae Veillonella"
"Otu0026",11.402167823012,-2.84143095352787,0.854103945836763,-3.32679759574711,0.000878501584827276,0.00634258707121446,"Bacteria","Proteobacteria","Gammaproteobacteria","Pseudomonadales","Moraxellaceae","Acinetobacter","6.0e-03","Control","Otu0026","D7_nasal_InjectedvsControl","Moraxellaceae Acinetobacter"
"Otu00281",27.574303065199,2.38373727883017,0.584817173664949,4.07603843760554,4.58094497860309e-05,0.000453930002425215,"Bacteria","Bacteroidetes","Bacteroidia","Bacteroidales","Bacteroidaceae","Bacteroides","0.0e+00","Injected","Otu0028","D7_nasal_InjectedvsControl","Bacteroidaceae Bacteroides"
"Otu00301",5.37212384765884,-2.95263024784616,0.891876509316193,-3.31058192138053,0.000931021955407627,0.00634258707121446,"Bacteria","Firmicutes","Bacilli","Lactobacillales","Lactobacillales_unclassified","Lactobacillales_unclassified","6.0e-03","Control","Otu0030","D7_nasal_InjectedvsControl","Lactobacillales_unclassified Lactobacillales_unclassified"
"Otu00322",77.830721020721,1.3069404945044,0.457741381160923,2.85519410805668,0.00430105328703229,0.0203832525341965,"Bacteria","Proteobacteria","Gammaproteobacteria","Enterobacteriales","Enterobacteriaceae","Escherichia-Shigella","2.0e-02","Injected","Otu0032","D7_nasal_InjectedvsControl","Enterobacteriaceae Escherichia-Shigella"
"Otu0044",173.041535804754,-1.38808550885154,0.249016320991742,-5.5742752255085,2.48562505110147e-08,5.41866261140121e-07,"Bacteria","Firmicutes","Clostridia","Clostridiales","Lachnospiraceae","Blautia","0.0e+00","Control","Otu0044","D7_nasal_InjectedvsControl","Lachnospiraceae Blautia"
"Otu00452",98.4781010080622,-0.931225136868236,0.203833921747641,-4.56854839903021,4.91113671197573e-06,6.69142377006693e-05,"Bacteria","Firmicutes","Clostridia","Clostridiales","Ruminococcaceae","Ruminococcaceae_UCG-005","0.0e+00","Control","Otu0045","D7_nasal_InjectedvsControl","Ruminococcaceae Ruminococcaceae_UCG-005"
"Otu00461",34.0407321963259,0.877310042747873,0.288202438762954,3.04407570773354,0.00233396397212164,0.0127201036480629,"Bacteria","Firmicutes","Clostridia","Clostridiales","Ruminococcaceae","Ruminococcaceae_UCG-002","1.3e-02","Injected","Otu0046","D7_nasal_InjectedvsControl","Ruminococcaceae Ruminococcaceae_UCG-002"
"Otu0053",59.8701105139666,-0.905050034616742,0.265715062072725,-3.40609232896641,0.000658998886729818,0.00513077704668216,"Bacteria","Firmicutes","Clostridia","Clostridiales","Ruminococcaceae","Ruminococcaceae_UCG-008","5.0e-03","Control","Otu0053","D7_nasal_InjectedvsControl","Ruminococcaceae Ruminococcaceae_UCG-008"
"Otu00631",9.14226807778481,-3.35448816708011,1.15285267341876,-2.90972840192358,0.00361742961694304,0.0187761822974663,"Bacteria","Bacteroidetes","Flavobacteriia","Flavobacteriales","Flavobacteriaceae","Flavobacterium","1.9e-02","Control","Otu0063","D7_nasal_InjectedvsControl","Flavobacteriaceae Flavobacterium"
"Otu00671",45.9505602942579,1.39583080550093,0.308296647686319,4.5275575196041,5.96693621053837e-06,7.22662274387424e-05,"Bacteria","Firmicutes","Clostridia","Clostridiales","Lachnospiraceae","Coprococcus_1","0.0e+00","Injected","Otu0067","D7_nasal_InjectedvsControl","Lachnospiraceae Coprococcus_1"
"Otu0068",7.42905029772576,2.13074364921891,0.839913885499233,2.53685965431138,0.011185178496487,0.0451549798561883,"Bacteria","Proteobacteria","Gammaproteobacteria","Pasteurellales","Pasteurellaceae","Pasteurellaceae_unclassified","4.5e-02","Injected","Otu0068","D7_nasal_InjectedvsControl","Pasteurellaceae Pasteurellaceae_unclassified"
"Otu00951",72.3647402230368,1.3798503484181,0.237688559498668,5.80528718474495,6.42557723152295e-09,1.75096979559e-07,"Bacteria","Firmicutes","Clostridia","Clostridiales","Clostridiales_unclassified","Clostridiales_unclassified","0.0e+00","Injected","Otu0095","D7_nasal_InjectedvsControl","Clostridiales_unclassified Clostridiales_unclassified"
"Otu0113",12.8928719279391,2.14605619454469,0.764275406467697,2.80796186346393,0.00498561305599674,0.0226429926293185,"Bacteria","Proteobacteria","Betaproteobacteria","Neisseriales","Neisseriaceae","Alysiella","2.3e-02","Injected","Otu0113","D7_nasal_InjectedvsControl","Neisseriaceae Alysiella"
"Otu01551",22.2585901994815,-0.831297473799455,0.316016755552076,-2.63054872627622,0.00852471482789505,0.0357382275477139,"Bacteria","Actinobacteria","Coriobacteriia","Coriobacteriales","Coriobacteriaceae","Coriobacteriaceae_unclassified","3.6e-02","Control","Otu0155","D7_nasal_InjectedvsControl","Coriobacteriaceae Coriobacteriaceae_unclassified"
"Otu01661",5.64490229578699,-3.5407153040319,1.2293344332064,-2.88018883095698,0.00397437054697746,0.0196911995282065,"Bacteria","Firmicutes","Bacilli","Lactobacillales","Enterococcaceae","Enterococcus","2.0e-02","Control","Otu0166","D7_nasal_InjectedvsControl","Enterococcaceae Enterococcus"
"Otu02201",6.28252514651913,-1.69439897244725,0.619219436042638,-2.73634655797622,0.00621255606070695,0.0270867444246823,"Bacteria","Firmicutes","Clostridia","Clostridiales","Lachnospiraceae","Fusicatenibacter","2.7e-02","Control","Otu0220","D7_nasal_InjectedvsControl","Lachnospiraceae Fusicatenibacter"
"Otu02421",12.5335743947395,3.99939660731548,0.955869821224823,4.18403899622103,2.863749530657e-05,0.000312148698841613,"Bacteria","Proteobacteria","Gammaproteobacteria","Pseudomonadales","Moraxellaceae","Enhydrobacter","0.0e+00","Injected","Otu0242","D7_nasal_InjectedvsControl","Moraxellaceae Enhydrobacter"
"Otu0269",4.9513790827109,3.00394578118608,0.857111732599684,3.5047306750485,0.000457069411338909,0.00383235121814931,"Bacteria","Firmicutes","Clostridia","Clostridiales","Eubacteriaceae","Acetobacterium","4.0e-03","Injected","Otu0269","D7_nasal_InjectedvsControl","Eubacteriaceae Acetobacterium"
"Otu03511",2.38227711167688,-3.34102128596561,1.05633572463465,-3.16284038118767,0.00156237970159292,0.00896312565650675,"Bacteria","Firmicutes","Clostridia","Clostridiales","Eubacteriaceae","Pseudoramibacter","9.0e-03","Control","Otu0351","D7_nasal_InjectedvsControl","Eubacteriaceae Pseudoramibacter"
"Otu05191",1.82880506252498,3.88199451976334,1.1961276344217,3.24546846678297,0.00117257550048225,0.00751827820897446,"Bacteria","Proteobacteria","Betaproteobacteria","Betaproteobacteria_unclassified","Betaproteobacteria_unclassified","Betaproteobacteria_unclassified","8.0e-03","Injected","Otu0519","D7_nasal_InjectedvsControl","Betaproteobacteria_unclassified Betaproteobacteria_unclassified"
"Otu0585",6.77926768032133,2.13262496701797,0.661475001388312,3.22404469185078,0.00126393672224441,0.00765383904025782,"Bacteria","Firmicutes","Clostridia","Clostridiales","Ruminococcaceae","Ruminococcaceae_UCG-010","8.0e-03","Injected","Otu0585","D7_nasal_InjectedvsControl","Ruminococcaceae Ruminococcaceae_UCG-010"
"Otu00021",38112.5898140029,8.35641422974374,1.29063616460723,6.4746475101965,9.50335304042884e-11,4.98926034622514e-09,"Bacteria","Proteobacteria","Gammaproteobacteria","Pseudomonadales","Pseudomonadaceae","Pseudomonas","0.0e+00","Injected","Otu0002","D11_nasal_InjectedvsControl","Pseudomonadaceae Pseudomonas"
"Otu00031",2291.98377023839,7.60216810852769,1.33844757852865,5.67984001053276,1.34820790522119e-08,4.71872766827415e-07,"Bacteria","Proteobacteria","Gammaproteobacteria","Pseudomonadales","Moraxellaceae","Psychrobacter","0.0e+00","Injected","Otu0003","D11_nasal_InjectedvsControl","Moraxellaceae Psychrobacter"
"Otu00092",222.866062520762,1.87358738447945,0.384168598096966,4.87699253338387,1.07715511118172e-06,2.82753216685201e-05,"Bacteria","Firmicutes","Negativicutes","Selenomonadales","Veillonellaceae","Megasphaera","0.0e+00","Injected","Otu0009","D11_nasal_InjectedvsControl","Veillonellaceae Megasphaera"
"Otu00162",117.899006385338,-4.89900973527636,1.40568237978109,-3.48514700457389,0.000491866734340684,0.00645575088822148,"Bacteria","Bacteroidetes","Flavobacteriia","Flavobacteriales","Flavobacteriaceae","Flavobacteriaceae_unclassified","6.0e-03","Control","Otu0016","D11_nasal_InjectedvsControl","Flavobacteriaceae Flavobacteriaceae_unclassified"
"Otu00302",2755.91321231024,4.99014455630332,1.79402431429449,2.78153674760296,0.00541022052676334,0.040576653950725,"Bacteria","Firmicutes","Bacilli","Lactobacillales","Lactobacillales_unclassified","Lactobacillales_unclassified","4.1e-02","Injected","Otu0030","D11_nasal_InjectedvsControl","Lactobacillales_unclassified Lactobacillales_unclassified"
"Otu00331",54.7876580554908,-1.11800956089409,0.299168585272201,-3.73705534582404,0.000186187952171746,0.00325828916300556,"Bacteria","Firmicutes","Clostridia","Clostridiales","Ruminococcaceae","Faecalibacterium","3.0e-03","Control","Otu0033","D11_nasal_InjectedvsControl","Ruminococcaceae Faecalibacterium"
"Otu00691",14.9867716498668,3.49332772192761,0.742918262620676,4.70216967019325,2.57411454490736e-06,5.40564054430545e-05,"Bacteria","Actinobacteria","Actinobacteria","Bifidobacteriales","Bifidobacteriaceae","Bifidobacterium","0.0e+00","Injected","Otu0069","D11_nasal_InjectedvsControl","Bifidobacteriaceae Bifidobacterium"
"Otu00781",64.7417197768358,-1.28154322685839,0.406019010389424,-3.15636261865973,0.00159750121902443,0.0167737627997565,"Bacteria","Bacteroidetes","Bacteroidia","Bacteroidales","Prevotellaceae","Alloprevotella","1.7e-02","Control","Otu0078","D11_nasal_InjectedvsControl","Prevotellaceae Alloprevotella"
"Otu0080",34.3081156859502,-4.49338720953404,1.5893121017253,-2.82725287541458,0.00469492370993871,0.0379205376571972,"Bacteria","Proteobacteria","Gammaproteobacteria","Enterobacteriales","Enterobacteriaceae","Enterobacter","3.8e-02","Control","Otu0080","D11_nasal_InjectedvsControl","Enterobacteriaceae Enterobacter"
"Otu0097",101.582382653471,7.376959569856,2.18447936475515,3.37698752795628,0.000732843729623877,0.00854984351227856,"Bacteria","Firmicutes","Bacilli","Lactobacillales","Carnobacteriaceae","Carnobacterium","9.0e-03","Injected","Otu0097","D11_nasal_InjectedvsControl","Carnobacteriaceae Carnobacterium"
"Otu0141",13.2560475909803,6.56885067344386,0.889427642477893,7.38548068412111,1.51903589365788e-13,1.59498768834077e-11,"Bacteria","Firmicutes","Clostridia","Clostridiales","Ruminococcaceae","Subdoligranulum","0.0e+00","Injected","Otu0141","D11_nasal_InjectedvsControl","Ruminococcaceae Subdoligranulum"
"Otu01701",12.1165120891083,-2.45815329341181,0.810543203017269,-3.03272334437112,0.00242357677844955,0.0231341419761094,"Bacteria","Proteobacteria","Epsilonproteobacteria","Campylobacterales","Campylobacteraceae","Campylobacter","2.3e-02","Control","Otu0170","D11_nasal_InjectedvsControl","Campylobacteraceae Campylobacter"
"Otu01821",7.11692778581699,5.78280033838585,1.59995024002601,3.61436261810981,0.000301087416319567,0.0045163112447935,"Bacteria","Firmicutes","Bacilli","Bacillales","Bacillales_unclassified","Bacillales_unclassified","5.0e-03","Injected","Otu0182","D11_nasal_InjectedvsControl","Bacillales_unclassified Bacillales_unclassified"
"Otu0549",5.61478015127137,2.42151270867525,0.853797003604647,2.83616913441001,0.00456582593907981,0.0379205376571972,"Bacteria","Cyanobacteria","Melainabacteria","Melainabacteria_unclassified","Melainabacteria_unclassified","Melainabacteria_unclassified","3.8e-02","Injected","Otu0549","D11_nasal_InjectedvsControl","Melainabacteria_unclassified Melainabacteria_unclassified"
"Otu00121",594.487008559517,-5.38190944837789,1.25012959367422,-4.30508122966681,1.66924474663361e-05,0.000337119457342785,"Bacteria","Proteobacteria","Betaproteobacteria","Burkholderiales","Oxalobacteraceae","Janthinobacterium","0.0e+00","Control","Otu0012","D14_nasal_InjectedvsControl","Oxalobacteraceae Janthinobacterium"
"Otu00163",121.246784839205,-5.61266070631659,1.31316017626275,-4.27416305167753,1.91856601739796e-05,0.000337119457342785,"Bacteria","Bacteroidetes","Flavobacteriia","Flavobacteriales","Flavobacteriaceae","Flavobacteriaceae_unclassified","0.0e+00","Control","Otu0016","D14_nasal_InjectedvsControl","Flavobacteriaceae Flavobacteriaceae_unclassified"
"Otu00201",1162.67646738065,-9.45785097587307,1.34899952752094,-7.01101133315725,2.36601566486747e-12,2.91019926778699e-10,"Bacteria","Bacteroidetes","Sphingobacteriia","Sphingobacteriales","Sphingobacteriaceae","Sphingobacterium","0.0e+00","Control","Otu0020","D14_nasal_InjectedvsControl","Sphingobacteriaceae Sphingobacterium"
"Otu0023",1801.12796118896,-7.75444197125094,1.76474753019605,-4.3940800814661,1.11242805923565e-05,0.000318844281964795,"Bacteria","Proteobacteria","Gammaproteobacteria","Enterobacteriales","Enterobacteriaceae","Enterobacteriaceae_unclassified","0.0e+00","Control","Otu0023","D14_nasal_InjectedvsControl","Enterobacteriaceae Enterobacteriaceae_unclassified"
"Otu00241",86.7384419753913,-5.20094317864693,1.81181594454597,-2.87056927294579,0.00409733409093877,0.0387670840911899,"Bacteria","Firmicutes","Bacilli","Lactobacillales","Carnobacteriaceae","Carnobacteriaceae_unclassified","3.9e-02","Control","Otu0024","D14_nasal_InjectedvsControl","Carnobacteriaceae Carnobacteriaceae_unclassified"
"Otu00261",1015.56734888614,-6.42965121578541,1.47443365004295,-4.36075995389695,1.29611496733657e-05,0.000318844281964795,"Bacteria","Proteobacteria","Gammaproteobacteria","Pseudomonadales","Moraxellaceae","Acinetobacter","0.0e+00","Control","Otu0026","D14_nasal_InjectedvsControl","Moraxellaceae Acinetobacter"
"Otu00292",763.43509743531,1.62206054131578,0.399099097661136,4.06430520845985,4.81757527235302e-05,0.000658401953888246,"Bacteria","Firmicutes","Clostridia","Clostridiales","Ruminococcaceae","Ruminococcaceae_unclassified","1.0e-03","Injected","Otu0029","D14_nasal_InjectedvsControl","Ruminococcaceae Ruminococcaceae_unclassified"
"Otu0036",72.1751779983588,-5.04347750433373,1.12135865291346,-4.4976488933581,6.87090413544668e-06,0.000281707069553314,"Bacteria","Proteobacteria","Gammaproteobacteria","Enterobacteriales","Enterobacteriaceae","Pantoea","0.0e+00","Control","Otu0036","D14_nasal_InjectedvsControl","Enterobacteriaceae Pantoea"
"Otu0038",416.30492797813,-5.77373480569657,1.2474003058133,-4.62861422976174,3.68120788968298e-06,0.000226394285215503,"Bacteria","Bacteroidetes","Flavobacteriia","Flavobacteriales","Flavobacteriaceae","Chryseobacterium","0.0e+00","Control","Otu0038","D14_nasal_InjectedvsControl","Flavobacteriaceae Chryseobacterium"
"Otu00642",28.9790796513369,-3.34155798340456,1.00058054841212,-3.3396191727967,0.000838933471717418,0.0103188817021242,"Bacteria","Actinobacteria","Actinobacteria","Micrococcales","Micrococcaceae","Micrococcaceae_unclassified","1.0e-02","Control","Otu0064","D14_nasal_InjectedvsControl","Micrococcaceae Micrococcaceae_unclassified"
"Otu00672",20.9214698581992,-2.24538031326552,0.724790628166586,-3.0979709532743,0.00194850525561371,0.0217878314945896,"Bacteria","Firmicutes","Clostridia","Clostridiales","Lachnospiraceae","Coprococcus_1","2.2e-02","Control","Otu0067","D14_nasal_InjectedvsControl","Lachnospiraceae Coprococcus_1"
"Otu00971",65.2308823685996,-5.498833071199,1.3382205842469,-4.10906328592573,3.97267207533495e-05,0.000610798331582748,"Bacteria","Firmicutes","Bacilli","Lactobacillales","Carnobacteriaceae","Carnobacterium","1.0e-03","Control","Otu0097","D14_nasal_InjectedvsControl","Carnobacteriaceae Carnobacterium"
"Otu0233",35.514470794556,1.15835277636516,0.385073604062181,3.00813341695087,0.00262857712468845,0.0269429155280566,"Bacteria","Firmicutes","Clostridia","Clostridiales","Ruminococcaceae","Ruminococcaceae_UCG-014","2.7e-02","Injected","Otu0233","D14_nasal_InjectedvsControl","Ruminococcaceae Ruminococcaceae_UCG-014"
